Record #,Easting,Northing,Elev,Trend
,(m),(m),(m),(°)
1,318433,5251799,952,39
2,318541,5255062,1015,71
3,319108,5248963,934,14
4,320758,5251012,948,40
5,321021,5251334,948,38
6,321189,5251542,948,54
7,321350,5251282,938,64
8,321908,5251349,943,56
9,322028,5251484,942,48
10,322065,5253318,993,62
11,322175,5251666,943,33
12,322543,5255522,942,16
13,322670,5252829,965,39
14,322775,5244072,946,4
15,322825,5243985,946,30
16,322896,5253357,966,54
17,322952,5243517,948,37
18,323035,5240854,932,40
19,323147,5241019,933,32
20,323367,5250158,932,22
21,323405,5250203,931,44
22,323594,5238100,901,61
23,323869,5256424,945,133
24,323876,5258913,951,88
25,323968,5257122,947,131
26,323971,5258900,950,99
27,324068,5256297,944,61
28,324078,5258807,949,114
29,324295,5256344,940,56
30,324317,5239283,918,84
31,324445,5239199,920,161
32,324605,5238618,908,60
33,324634,5238437,903,93
34,324667,5256493,935,139
35,324828,5254432,944,150
36,325129,5241759,925,47
37,325214,5241855,927,37
38,325275,5241605,936,39
39,325451,5235880,901,76
40,325514,5235904,901,58
41,325572,5241540,935,52
42,325649,5264494,950,88
43,326088,5235697,919,151
44,326106,5242309,916,39
45,326150,5235553,919,150
46,326401,5265512,941,122
47,326443,5265512,941,126.4
48,326579,5259808,935,44
49,326615,5235121,923,171
50,326775,5266046,939,150
51,326819,5266127,938,170
52,326823,5265140,931,142
53,326867,5266055,940,154
54,326886,5264570,931,174
55,326906,5265985,937,109
56,326921,5264806,943,118
57,326930,5265137,934,139
58,326941,5266064,940,150
59,327027,5266063,948,120
60,327050,5266651,927,175
61,327063,5264661,930,14
62,327090,5266495,929,175
63,327090,5265035,936,147
64,327091,5265933,940,111
65,327106,5266046,947,134
66,327125,5264861,934,170
67,327204,5264186,928,81
68,327290,5264163,926,88.7
69,327290,5264163,926,89
70,327294,5265950,943,80
71,327350,5264173,927,95
72,327350,5264173,928,96.6
73,327375,5265972,943,59
74,327425,5267871,919,108
75,327456,5260798,929,154.1
76,327488,5266017,943,72
77,327567,5260521,927,152
78,327702,5260361,927,141.5
79,327746,5264955,932,123
80,327787,5264910,933,132
81,327902,5271382,880,73
82,327971,5267513,920,21.9
83,327990,5268041,936,123
84,328038,5236281,882,116
85,328059,5263693,924,69
86,328078,5263579,929,51
87,328110,5267683,919,55.3
88,328183,5271387,881,86
89,328246,5269184,918,179
90,328251,5269261,921,30
91,328289,5263198,935,97
92,328289,5263827,933,59
93,328320,5269629,942,67
94,328363,5267684,917,98.9
95,328429,5263722,933,72
96,328443,5236372,901,121
97,328470,5271139,878,51
98,328481,5263763,926,86
99,328537,5236244,899,125
100,328543,5269355,928,108
101,328663,5263755,920,93
102,328813,5263996,925,73
103,328826,5270638,879,41
104,328847,5263915,923,70
105,328975,5241005,915,22
106,329011,5263699,921,90
107,329033,5263750,921,77
108,329241,5263884,918,75
109,329576,5241646,912,58
110,329723,5263208,930,146
111,329927,5258177,918,120
112,330006,5241548,912,66
113,330014,5258077,917,117
114,330082,5262892,931,24
115,330247,5262870,931,161.8
116,330279,5234609,913,165
117,330284,5261432,929,69
118,330292,5262685,930,139.7
119,330321,5261577,925,68
120,330363,5241656,911,88
121,330422,5263384,922,116
122,330448,5239049,884,115
123,330485,5241768,911,104
124,330505,5261158,932,64
125,330511,5261088,932,77
126,330522,5241566,912,110
127,330595,5261875,929,75
128,330768,5262707,923,54.7
129,330779,5262842,929,42.2
130,330792,5241395,911,80
131,330793,5261915,930,74
132,330798,5260876,925,48
133,330892,5260877,926,76
134,330971,5241412,911,116
135,331266,5263042,931,65
136,331327,5263216,928,69.3
137,331333,5263216,929,62.7
138,331554,5263239,930,74.6
139,331560,5263296,927,68
140,331565,5235495,908,129
141,331577,5269673,894,44
142,331619,5235445,909,101
143,331729,5235502,908,36
144,331831,5263276,929,96
145,331832,5235543,906,70
146,331847,5263336,925,99
147,331986,5263222,930,113.5
148,332069,5235924,902,70
149,332149,5261525,926,115
150,332224,5265191,897,62
151,332257,5265151,898,66
152,332268,5263151,930,117
153,332340,5263112,929,87.4
154,332353,5265106,897,65
155,332498,5263071,929,108
156,332498,5263071,930,109.9
157,332530,5261994,927,68
158,332592,5235733,892,109
159,332621,5262197,928,49
160,332661,5262213,928,72
161,332683,5236050,887,110
162,332804,5264059,912,51
163,332842,5262266,926,68
164,332890,5263962,913,34
165,332921,5262977,930,123
166,332999,5263252,913,30
167,333014,5263446,911,35
168,333024,5260202,925,51
169,333155,5274350,866,47.4
170,333161,5263826,903,35
171,333217,5274403,866,25.6
172,333257,5263464,906,83
173,333362,5252995,864,130
174,333369,5274460,859,92.4
175,333390,5260088,925,43
176,333400,5250967,894,38
177,333422,5252935,865,146
178,333477,5274435,861,106.2
179,333482,5251015,892,46
180,333499,5259746,931,89
181,333514,5251034,891,68
182,333531,5259634,926,121
183,333585,5260409,923,65
184,333678,5261782,923,100
185,333693,5260357,919,155
186,333757,5235812,880,83
187,334186,5263970,910,93
188,334253,5268869,851,91
189,334516,5264883,896,89
190,334557,5261959,920,105
191,334574,5265286,912,21
192,334648,5235792,900,4
193,334748,5235735,900,147
194,334753,5264531,907,45
195,334779,5262645,923,136.9
196,334953,5263330,944,9
197,334953,5263388,941,20
198,334972,5234942,893,50
199,335382,5265255,909,88.9
200,335527,5264735,924,15
201,335530,5252946,860,78
202,335588,5235186,884,55
203,335952,5252532,862,118
204,336151,5267628,879,113.9
205,336528,5262036,919,60.3
206,336727,5263977,922,59.3
207,336802,5259402,916,124
208,336936,5259392,916,79
209,337187,5246564,896,40
210,337582,5262319,917,38.1
211,337595,5246689,892,31
212,337627,5246549,893,166
213,337635,5262366,917,51
214,337773,5262330,918,62.4
215,337801,5246272,903,133
216,337875,5266554,900,78
217,337978,5264003,911,120.7
218,338166,5263927,914,62.4
219,338216,5264122,915,58.5
220,338673,5266367,873,111.2
221,338972,5252076,883,78.5
222,339552,5245041,883,15
223,339555,5262049,899,117
224,339561,5244931,883,50
225,339695,5262143,898,103
226,339744,5244793,883,32
227,339811,5266452,871,126
228,340030,5245018,886,23
229,340038,5247414,858,132
230,340097,5247141,864,142
231,340299,5246980,861,136
232,340457,5246719,859,137
233,340687,5252299,891,80.1
234,340756,5261537,902,47
235,340783,5267647,849,44
236,340836,5253933,895,70
237,340996,5261746,896,55
238,340996,5253919,895,125
239,341156,5253146,898,129
240,341341,5244262,874,75
241,341348,5236559,866,113
242,341351,5252991,897,129.3
243,341435,5236424,865,135
244,341464,5252775,896,150
245,341484,5252667,897,189.2
246,341488,5252840,898,120.2
247,341563,5259804,916,96
248,341928,5251816,873,108.1
249,342182,5259730,905,32
250,342305,5251381,883,73
251,342489,5244599,854,122
252,342504,5270320,840,13
253,342527,5273350,836,146
254,342659,5244677,850,119
255,342747,5260993,897,61
256,342776,5263236,902,66
257,343056,5261043,893,79
258,343185,5262737,912,147
259,343202,5262632,910,148.7
260,343345,5263344,904,64
261,343495,5261032,893,57
262,343517,5264090,906,20.6
263,343519,5264100,906,18.8
264,343586,5264130,903,44.7
265,343591,5264128,904,46.4
266,343594,5264123,903,49.6
267,343768,5263495,898,56
268,344336,5267499,834,86
269,344685,5257590,894,53
270,344994,5269551,836,13
271,345239,5266392,843,75
272,345272,5266556,844,169
273,345691,5269478,831,59
274,346055,5259640,917,48
275,346147,5266881,833,102
276,346147,5266881,833,100.5
277,346375,5270499,848,67
278,346389,5247114,869,81
279,346390,5247112,869,80.6
280,346855,5265442,829,133.6
281,346889,5244372,846,44
282,347106,5262319,880,37
283,347118,5261313,892,125
284,347119,5269094,776,64
285,347121,5246339,850,115
286,347160,5250826,852,127
287,347169,5261200,891,119
288,347180,5242183,837,121
289,347503,5259856,935,78.5
290,347506,5259839,935,49
291,347547,5261193,878,78
292,347683,5261229,880,76
293,347803,5261132,891,67
294,348015,5250226,851,125
295,348039,5251503,854,83
296,348054,5263201,891,50.3
297,348108,5261325,888,58
298,348161,5268271,824,113
299,348189,5266669,832,68
300,348250,5257062,876,117
301,348292,5256918,878,158
302,348319,5268266,826,90
303,348408,5256963,878,120
304,348471,5259278,893,36
305,348497,5263012,888,85
306,348654,5267848,817,161
307,348715,5249563,865,97
308,348738,5262192,884,49
309,348798,5249560,866,72
310,348810,5251908,856,83
311,348817,5263031,889,46.5
312,348885,5249650,865,61
313,348889,5263145,889,37.5
314,348941,5251943,855,63
315,348951,5256366,882,100
316,349006,5248571,853,120
317,349041,5256215,882,62
318,349167,5263527,886,36.5
319,349206,5251179,852,19
320,349261,5260352,944,18
321,349272,5269896,814,156
322,349429,5260325,934,32
323,349520,5260385,932,2
324,349543,5263774,887,61
325,349835,5246144,847,34
326,349896,5264951,870,60
327,349897,5246168,852,144
328,350023,5246199,854,65.3
329,350122,5266904,814,137
330,350200,5266853,815,128
331,350282,5262159,897,30.2
332,350282,5262159,896,30
333,350426,5252612,853,79
334,350479,5248785,833,164
335,350609,5252171,853,122
336,350731,5245915,850,144
337,350834,5265233,834,108.6
338,351028,5263341,898,88.5
339,351033,5263326,900,89.5
340,351438,5241952,809,148
341,351444,5246383,848,8
342,351505,5267511,815,77
343,351545,5246814,852,14.2
344,351645,5266796,820,90
345,351848,5264874,873,120
346,351902,5266929,828,91.5
347,352048,5265290,825,63
348,352079,5266905,829,111
349,352156,5267724,828,17
350,352188,5267642,828,6
351,352477,5257599,870,74
352,352553,5262423,892,38
353,352587,5262836,875,11
354,352617,5262540,892,27
355,352626,5245880,835,167
356,352650,5257261,871,86
357,352744,5264810,832,104
358,352928,5253834,861,49
359,353153,5262215,893,38.2
360,353437,5262531,884,139
361,353442,5249791,821,56
362,353550,5250444,844,148
363,353957,5241920,806,118
364,354418,5266241,796,29
365,354552,5263733,871,59.2
366,355382,5244555,834,119
367,355405,5241007,831,69
368,355408,5264987,856,57
369,355418,5244397,830,56
370,355490,5240732,831,118
371,355490,5263005,872,112
372,355555,5244231,830,113
373,355573,5241180,828,57
374,355597,5240702,827,118
375,355638,5244410,835,108
376,355663,5265249,860,55
377,355778,5262958,872,110
378,355800,5263562,865,60
379,355853,5260175,885,61
380,355921,5263674,866,53
381,356080,5261779,864,55.9
382,356086,5255306,855,41
383,356109,5263606,866,78
384,356510,5251023,841,56
385,356565,5266891,864,20
386,356644,5251096,843,57
387,357546,5241189,825,56
388,357585,5262380,868,106
389,358071,5262372,861,126.5
390,358117,5254036,844,117
391,358325,5262237,862,132.1
392,358570,5254938,847,119
393,358854,5246916,835,134
394,358887,5268039,771,134
395,358981,5266492,790,119
396,359096,5251689,846,54
397,359177,5251833,846,55
398,359220,5262593,832,113.4
399,359509,5262436,830,125
400,359593,5247135,836,131
401,359657,5252021,845,67
402,359714,5262209,830,125.2
403,360026,5252350,836,73
404,360054,5248296,835,119
405,360125,5261647,856,154.3
406,360172,5244757,847,112
407,360197,5263475,856,114
408,360208,5264373,811,111
409,360235,5261532,861,109
410,360356,5263501,850,63
411,360648,5270228,830,25
412,360664,5266008,814,146
413,360731,5262847,855,89
414,360731,5262847,855,89.6
415,360734,5270318,825,25
416,360873,5246638,823,54
417,360915,5255195,852,116
418,360917,5255073,854,119
419,360917,5255073,854,120.5
420,361048,5266611,841,130
421,361075,5254964,847,128.2
422,361076,5266496,840,130
423,361142,5249337,839,119
424,361214,5254869,853,131
425,361247,5248295,835,66
426,361367,5254728,856,134.2
427,361446,5258427,848,135
428,361503,5254768,856,134.7
429,361552,5254675,854,135
430,361594,5248484,830,44
431,361649,5252908,830,121.82
432,361925,5246409,818,151
433,362028,5246294,818,133
434,362088,5246234,821,145
435,362099,5246111,821,159
436,362116,5260742,845,132.2
437,362156,5260698,844,147.8
438,362203,5265549,839,117
439,362308,5267116,875,79
440,362321,5248014,831,150
441,362329,5245657,812,134
442,362489,5245460,814,145
443,363130,5245461,798,82
444,363169,5270870,794,112
445,363546,5243088,784,116
446,363780,5264017,870,79
447,363897,5246261,842,127
448,363997,5251186,837,83
449,364014,5267926,832,142
450,364071,5268910,896,160
451,364085,5268781,900,161.7
452,364101,5268684,896,166
453,364104,5246151,840,98
454,364114,5268562,897,152.1
455,364139,5268456,897,149
456,364140,5269707,842,112.4
457,364166,5264063,872,102
458,364231,5268396,893,102
459,364377,5246207,844,63
460,364702,5246433,846,55
461,364762,5244141,813,93
462,364827,5243962,813,60
463,364832,5244159,815,51
464,364879,5244210,814,42
465,364931,5254424,827,149.9
466,364997,5244075,814,54
467,365127,5243985,806,146
468,365137,5259111,839,66
469,365157,5267179,887,32
470,365164,5245523,834,36
471,365182,5246710,812,156
472,365234,5242877,809,47
473,365245,5245614,837,34
474,365246,5260644,836,154
475,365286,5245727,836,23
476,365341,5243578,810,149
477,365375,5245804,837,29
478,365398,5241345,808,146
479,365404,5279541,810,140
480,365426,5269216,896,109
481,365434,5243440,806,160
482,365446,5267421,893,48
483,365464,5276839,805,163
484,365494,5240623,810,39
485,365605,5241121,814,174
486,365641,5259761,847,131
487,365644,5263517,877,54
488,365649,5267538,893,46
489,365663,5266232,879,132
490,365786,5259505,848,123
491,365849,5263759,876,52
492,366009,5259316,846,130
493,366085,5264444,860,88
494,366143,5264854,873,131
495,366195,5263313,892,42
496,366225,5262799,862,69
497,366276,5259179,843,107
498,366299,5243178,804,95
499,366327,5260494,842,28
500,366347,5263194,894,35
501,366378,5263283,894,35
502,366391,5260254,846,46
503,366402,5271377,880,113
504,366443,5271333,880,126
505,366484,5261040,835,55
506,366663,5263630,865,84.9
507,366666,5260771,830,81
508,366724,5259609,844,88
509,366727,5260758,832,122
510,366758,5260729,834,134
511,366795,5259400,839,102
512,366815,5270637,859,157
513,366954,5259676,845,68.3
514,366966,5271136,870,134
515,366966,5271136,871,131.5
516,366996,5271097,870,153
517,367018,5267622,887,68.8
518,367124,5267649,887,91.1
519,367190,5259815,846,61
520,367397,5243680,830,81
521,367408,5274807,780,89
522,367515,5263910,871,85
523,367604,5243824,827,56
524,367618,5267077,889,145
525,367749,5266699,887,165
526,367857,5266504,883,136
527,368074,5271320,853,155
528,368096,5271398,850,24
529,368130,5271522,852,173.4
530,368130,5271522,852,175
531,368144,5261257,847,58
532,368170,5258724,838,40
533,368191,5243283,802,53
534,368215,5261403,849,56
535,368323,5274236,851,119
536,368513,5243239,796,70
537,368681,5272910,858,160
538,368703,5266819,868,111
539,368734,5263041,863,103
540,368766,5272691,869,153
541,368807,5266716,870,112
542,368811,5273854,795,24
543,368829,5258235,836,67
544,368901,5266631,872,149
545,369095,5265988,860,113
546,369265,5250811,812,83
547,369268,5270664,853,155
548,369331,5270564,859,137.8
549,369331,5270564,859,136
550,369353,5267039,887,104
551,369376,5244311,827,44
552,369376,5244311,828,42.3
553,369442,5244355,829,60.3
554,369514,5244383,826,60
555,369582,5267007,885,83
556,369681,5258180,874,31
557,369736,5270191,858,136
558,369979,5273022,846,150
559,370082,5260078,840,41
560,370122,5260055,840,47
561,370193,5265634,858,145
562,370284,5265533,857,134
563,370287,5267257,862,111
564,370311,5273572,798,64
565,370547,5265445,851,69
566,370566,5273448,796,97
567,370604,5265585,847,28
568,370620,5265382,848,66
569,370872,5265952,850,127
570,371076,5249923,815,120.8
571,371323,5244571,805,102.4
572,371323,5244571,805,102
573,371358,5262198,855,144
574,371457,5244550,801,114
575,371557,5244462,801,123
576,371562,5267841,858,125
577,371572,5274787,798,53
578,371591,5263368,861,99
579,371597,5263522,849,154
580,371601,5263516,848,152
581,371635,5267742,858,154
582,371639,5267729,858,162
583,371644,5267663,857,180
584,371645,5267662,857,178
585,371672,5271845,868,79
586,371715,5263279,848,121
587,371760,5255756,827,20
588,371826,5255556,828,101
589,371914,5271009,867,1
590,372040,5255492,828,72
591,372061,5255345,828,67
592,372114,5261031,855,80
593,372128,5274363,835,72
594,372202,5267437,858,118
595,372284,5270052,828,126
596,372307,5257458,836,122
597,372430,5257408,836,137
598,372461,5269419,818,74
599,372466,5271926,847,142
600,372489,5253416,823,90.3
601,372545,5256938,835,174
602,372571,5260640,851,55
603,372577,5257187,835,151
604,372644,5276397,834,129
605,372707,5253392,825,104
606,372722,5257074,835,153
607,372730,5276081,833,118
608,372731,5267406,849,38
609,372753,5256946,835,173
610,372782,5271638,857,15
611,372840,5271856,860,17
612,372846,5241791,772,40
613,372991,5253522,821,111
614,373047,5249578,785,102.8
615,373143,5244565,810,99
616,373162,5275827,834,129
617,373176,5253183,823,98
618,373224,5258376,830,19
619,373256,5261584,847,117
620,373276,5274086,871,30
621,373336,5244443,809,126
622,373388,5274290,870,31
623,373521,5272127,851,120
624,373615,5269467,819,146
625,373642,5269372,817,149
626,373718,5259373,845,72
627,373728,5254855,813,25
628,373812,5255082,811,16
629,373839,5272416,844,35
630,373877,5258679,857,59
631,373906,5270156,848,22
632,373922,5269660,843,113.2
633,373960,5259335,858,92
634,373984,5254971,814,13
635,374002,5255222,817,15
636,374010,5254791,815,21
637,374035,5244595,816,80
638,374191,5270315,841,118
639,374234,5263034,858,115
640,374261,5270096,840,84
641,374318,5255714,815,59
642,374358,5257267,827,156
643,374363,5270046,840,128
644,374375,5270847,841,158
645,374472,5270691,841,113
646,374482,5262977,858,110.4
647,374541,5259459,859,45
648,374595,5257733,846,60
649,374603,5262853,854,107
650,374603,5262853,855,107.5
651,374771,5269875,835,149
652,374840,5248519,790,135
653,374943,5248301,802,172
654,375069,5259662,866,66
655,375121,5261935,849,114
656,375162,5262832,820,64
657,375438,5262613,835,134
658,375449,5269899,877,115
659,375458,5269832,874,131
660,375626,5269763,852,143
661,375658,5264150,841,114.1
662,375667,5268584,828,73
663,375705,5262778,821,67
664,375735,5264132,841,104
665,375737,5259088,852,117
666,375842,5254747,817,9
667,375874,5259037,851,123
668,375891,5264076,841,105.5
669,375895,5264075,841,105.8
670,375917,5262012,823,46
671,375947,5262497,841,52
672,375953,5262417,845,50
673,376021,5269706,849,147
674,376039,5264012,840,136.4
675,376041,5261748,827,153
676,376069,5261649,830,180
677,376118,5263923,840,145.6
678,376176,5264725,832,49.3
679,376190,5258801,847,124
680,376190,5268402,839,78.1
681,376206,5279893,778,130
682,376254,5263151,828,133
683,376263,5264804,831,33.3
684,376298,5263050,826,147
685,376323,5279795,779,125
686,376339,5265193,827,4.1
687,376378,5262941,826,145
688,376400,5263708,821,118.7
689,376402,5262884,823,168
690,376411,5258625,846,122
691,376452,5263793,821,113.8
692,376457,5265109,827,2.9
693,376463,5268938,827,92
694,376485,5269133,826,85
695,376513,5268380,817,107
696,376561,5262694,828,124
697,376621,5263789,823,99.7
698,376642,5268259,833,110
699,376649,5258474,845,120
700,376748,5263891,824,77.6
701,376748,5263891,825,77.6
702,376840,5247391,793,23
703,376856,5262665,825,68
704,376922,5264436,818,13
705,377017,5264407,818,23
706,377065,5247591,796,175
707,377107,5256944,820,7
708,377125,5280770,781,71
709,377134,5257047,822,7
710,377140,5257177,823,13
711,377184,5242514,770,82
712,377233,5257329,826,19
713,377264,5268281,822,115
714,377279,5262685,820,119
715,377283,5257411,827,25
716,377312,5251484,792,144
717,377318,5280667,785,135
718,377345,5257476,827,22
719,377352,5282052,782,72
720,377363,5255856,810,13
721,377374,5251260,794,149
722,377463,5262785,837,118
723,377507,5251713,807,148
724,377598,5268389,817,118
725,377713,5279528,775,118.7
726,377733,5262495,818,97
727,377815,5250833,788,127
728,377840,5265487,812,20
729,377907,5262381,819,109
730,377952,5247348,773,101
731,378117,5259254,841,125
732,378274,5278322,769,81
733,378451,5275139,851,71
734,378504,5275262,848,73
735,378724,5276482,833,66
736,379234,5260199,832,55
737,379710,5280199,771,23.79
738,379843,5280259,773,17.94
739,379876,5281599,780,139
740,380002,5281338,783,155
741,380043,5260741,813,126
742,380066,5281183,780,165
743,380136,5280915,778,169
744,380164,5281089,778,158
745,380187,5281003,779,174
746,380209,5267006,825,120
747,380234,5280522,778,174
748,380395,5268323,812,77
749,380453,5280108,776,132.1
750,380577,5277135,792,121
751,380719,5267268,826,149
752,380782,5256360,814,128
753,380859,5268700,827,102
754,381003,5267065,806,114.5
755,381031,5269730,858,71.8
756,381037,5252488,811,111.7
757,381039,5253116,811,49
758,381048,5266922,825,151
759,381052,5250124,768,109
760,381054,5254635,819,67
761,381106,5252853,807,126
762,381128,5266822,825,129
763,381164,5269795,859,70
764,381188,5252747,810,101
765,381254,5267332,800,34.9
766,381273,5271937,848,39
767,381462,5238615,828,153
768,381508,5271599,810,49.1
769,381562,5266778,819,74
770,381573,5249917,788,86
771,381639,5238634,828,128
772,381685,5279685,769,70
773,381767,5249852,789,103
774,381805,5238524,824,123
775,381858,5273988,837,74
776,382019,5249953,794,93
777,382056,5249784,792,109
778,382092,5260311,800,38
779,382097,5250094,792,29
780,382286,5260250,808,61
781,382288,5262144,785,55
782,382366,5260348,810,54
783,382429,5270072,857,96.8
784,382514,5260936,790,56
785,382588,5269597,855,6
786,382632,5260983,788,62
787,382659,5269656,860,24
788,382666,5270088,859,117.4
789,382671,5269824,855,10
790,382683,5260674,805,7
791,382718,5269761,856,163
792,382815,5268366,822,49.3
793,382818,5257218,801,161
794,382901,5268882,821,38.5
795,382928,5268002,825,94.9
796,382928,5272433,828,39.3
797,382969,5268649,823,35.5
798,382984,5274297,839,68.2
799,383070,5272649,829,25.3
800,383125,5249911,803,109
801,383199,5274141,834,162
802,383235,5280666,775,128
803,383242,5269321,824,69.7
804,383313,5277311,834,130
805,383358,5277335,835,101
806,383426,5274068,832,131
807,383428,5269429,823,44.5
808,383443,5277354,833,77
809,383479,5253426,836,65
810,383581,5269683,821,27.4
811,383611,5277290,836,46
812,383626,5287424,779,117
813,383641,5249916,779,130
814,383738,5277455,850,121
815,383757,5287366,778,119
816,383823,5268385,803,75
817,383831,5249929,777,128
818,383944,5269279,821,82.1
819,383946,5269654,820,36.4
820,383982,5246279,746,106
821,384026,5287214,779,124
822,384032,5249743,780,132
823,384053,5274551,838,70.4
824,384112,5287157,779,117
825,384160,5249503,776,122.4
826,384191,5252382,847,46
827,384199,5270107,821,1
828,384229,5269847,821,20
829,384264,5287133,778,77
830,384267,5278045,830,37
831,384280,5274647,834,68.1
832,384326,5270363,819,37.3
833,384330,5248726,788,152
834,384345,5270549,821,40.8
835,384389,5249536,773,101
836,384419,5270785,821,48.3
837,384486,5246338,746,58
838,384553,5269709,821,20
839,384554,5269709,820,19.7
840,384592,5270418,815,43
841,384607,5270944,820,67.3
842,384636,5269932,821,16.2
843,384654,5270971,820,15.6
844,384719,5252517,847,116
845,384766,5252471,850,118.8
846,384817,5252415,847,101.3
847,384829,5252339,848,110
848,384888,5252271,847,104.5
849,384935,5267419,819,72
850,384947,5252222,846,105.2
851,384964,5273997,810,53
852,385054,5252262,845,112
853,385099,5249123,769,73
854,385101,5244742,772,77
855,385122,5244577,770,70
856,385154,5274124,830,63
857,385156,5267402,856,133
858,385171,5260154,790,115
859,385174,5267299,849,124
860,385186,5276590,838,9
861,385195,5276654,842,178
862,385199,5267480,856,139
863,385225,5267848,821,123
864,385255,5267306,851,68
865,385364,5274189,829,67
866,385369,5276275,830,63
867,385378,5275651,797,108
868,385385,5275923,812,126
869,385473,5288206,762,129.1
870,385513,5267278,813,124
871,385529,5267720,859,22
872,385573,5267861,860,20
873,385616,5273523,804,65
874,385630,5244777,766,62.9
875,385630,5244777,766,64
876,385648,5291542,814,89.3
877,385705,5228893,851,137
878,385713,5287232,761,166
879,385848,5256706,793,61
880,385860,5248308,760,65
881,385873,5256950,791,19
882,385903,5266934,853,24
883,385966,5267201,859,41
884,385978,5252278,843,58
885,385993,5266983,853,18
886,386000,5255260,852,139
887,386010,5256765,794,71
888,386019,5248304,763,81
889,386072,5266535,817,163
890,386077,5291451,813,104.8
891,386081,5272862,809,78
892,386087,5249714,797,33
893,386103,5267163,854,28
894,386131,5266487,818,161
895,386146,5267245,856,59
896,386148,5252345,848,42
897,386205,5273117,811,70
898,386209,5272657,808,76
899,386224,5272765,811,69
900,386242,5255106,853,140
901,386286,5238369,880,155
902,386296,5291379,813,110.3
903,386345,5265949,799,133
904,386369,5266321,820,119
905,386386,5266258,817,36
906,386388,5266400,818,122
907,386388,5266147,816,21
908,386429,5265988,814,99
909,386438,5266359,822,150
910,386472,5266295,821,156
911,386489,5255365,800,34
912,386492,5279310,844,45
913,386508,5267872,814,59
914,386558,5272254,810,79
915,386567,5274602,828,26
916,386669,5267387,815,66
917,386674,5279479,842,28
918,386725,5255132,814,29
919,386727,5267717,801,126
920,386730,5291544,795,122
921,386798,5268020,811,133
922,386837,5252823,804,168
923,386881,5267601,802,134
924,386888,5266017,805,37
925,386896,5291359,795,122
926,386923,5275844,816,107
927,386930,5268834,800,46
928,387022,5274488,793,77
929,387041,5281376,826,31.9
930,387223,5238299,875,147
931,387238,5245352,740,111
932,387273,5258900,797,76
933,387293,5259024,794,89
934,387353,5258976,795,117
935,387489,5265952,806,77
936,387491,5266048,811,60
937,387513,5291889,776,126
938,387522,5238302,860,79
939,387553,5268221,787,28
940,387563,5251657,832,11
941,387604,5290676,810,126.5
942,387622,5291816,774,128
943,387637,5266002,817,74
944,387703,5291741,775,136
945,387738,5288312,798,7
946,387748,5266559,805,55
947,387821,5288459,803,27
948,387833,5259520,766,18
949,387875,5275991,815,132
950,387933,5266136,811,39
951,388008,5238606,836,77
952,388026,5275193,817,22
953,388073,5269152,776,45
954,388078,5274984,819,138
955,388088,5275283,818,44
956,388250,5287575,794,122
957,388427,5278437,834,152
958,388447,5267189,772,74
959,388460,5275509,818,58
960,388520,5267066,777,79
961,388579,5278283,832,139
962,388664,5250350,819,111
963,388683,5278124,832,135
964,388698,5293425,774,134
965,388776,5250245,820,109.1
966,388864,5293226,771,132
967,388871,5250170,817,110
968,388937,5251589,826,103
969,388985,5250199,815,122
970,389026,5293033,771,125
971,389203,5293535,775,169
972,389350,5250080,814,90
973,389355,5249797,804,106
974,389428,5249714,802,109
975,389482,5273969,832,35
976,389511,5250081,816,82
977,389550,5293516,768,46
978,389697,5293743,769,20
979,389709,5250635,817,110
980,389742,5293823,773,42
981,389865,5269554,751,141
982,389894,5250154,816,71
983,389960,5250226,817,67
984,390113,5250251,815,68
985,390148,5271088,779,70
986,390187,5244440,758,108
987,390205,5249519,803,33
988,390622,5265094,785,134
989,390638,5293350,764,42
990,390836,5263607,824,124
991,390933,5274035,765,108
992,390950,5264734,784,135
993,390973,5250196,813,75
994,390977,5250020,805,32
995,390980,5294019,764,128
996,391013,5250083,807,26
997,391031,5293987,761,128
998,391112,5250569,812,80
999,391120,5283641,818,108
1000,391127,5250581,812,81.4
1001,391142,5250816,806,13
1002,391155,5261787,757,175
1003,391155,5289851,772,164
1004,391160,5250404,812,68
1005,391288,5289701,770,162
1006,391361,5289581,766,152
1007,391363,5289396,765,151
1008,391381,5272811,803,61.5
1009,391477,5289311,763,152
1010,391605,5283434,813,94
1011,391669,5283371,815,128
1012,391673,5238956,856,117
1013,391744,5283330,818,108
1014,391914,5272747,764,133.3
1015,391914,5272747,764,121.4
1016,391964,5272642,763,133.6
1017,391992,5238985,857,91
1018,392027,5238768,850,112
1019,392033,5270456,772,68
1020,392082,5272536,763,138.4
1021,392184,5272455,764,143.2
1022,392240,5238738,844,86
1023,392315,5238789,844,72
1024,392352,5271312,818,31
1025,392352,5271312,819,29
1026,392377,5283321,809,101
1027,392489,5238881,849,58
1028,392505,5238997,851,62
1029,392517,5243002,775,30.2
1030,392517,5243002,775,30
1031,392633,5240431,791,31
1032,392653,5283225,806,103
1033,392747,5254810,765,97
1034,393067,5254615,765,112
1035,393179,5282749,816,97
1036,393259,5263777,772,60
1037,393292,5282738,815,109
1038,393396,5291632,753,29
1039,393471,5246715,731,28
1040,393472,5282645,813,140
1041,393602,5282549,814,108
1042,393770,5287209,748,127.7
1043,393791,5286589,751,43.1
1044,393791,5286589,751,43
1045,393837,5286643,749,57
1046,393999,5247658,782,99
1047,394093,5246582,732,52
1048,394172,5287178,744,127.9
1049,394229,5286832,744,133.6
1050,394264,5270446,806,52
1051,394302,5285249,738,171.4
1052,394304,5285369,738,7
1053,394324,5286500,738,158
1054,394345,5285127,738,159.2
1055,394390,5284884,739,142.7
1056,394422,5285476,740,5
1057,394477,5284737,738,133.4
1058,394489,5272870,790,152
1059,394664,5269048,787,56
1060,394700,5263660,727,71
1061,395188,5271144,808,75
1062,395225,5271150,807,90
1063,395227,5269268,789,56
1064,395256,5271148,806,119
1065,395293,5284682,735,97
1066,395371,5247556,780,56
1067,395488,5284451,766,120
1068,395507,5269970,802,109
1069,395570,5267193,757,84
1070,395605,5267277,760,84.8
1071,395606,5267277,760,86
1072,395788,5270501,787,0
1073,396019,5252066,736,69
1074,396254,5270294,784,90
1075,396370,5259002,775,15.8
1076,396390,5266705,777,128
1077,396399,5269933,782,108.7
1078,396427,5259173,777,5.2
1079,396432,5259270,776,358
1080,396451,5259392,779,20.4
1081,397031,5265604,750,90
1082,397053,5287267,736,129.3
1083,397093,5265592,750,109
1084,397159,5266225,748,64
1085,397221,5284988,736,115.1
1086,397239,5261068,759,171
1087,397292,5284585,737,74.1
1088,397424,5284587,732,96.7
1089,397436,5284609,732,95.8
1090,397438,5284872,737,108.3
1091,397540,5284575,734,86
1092,397552,5284616,733,88.6
1093,397586,5284621,734,78.8
1094,397741,5284623,731,97.3
1095,397743,5284634,731,99.8
1096,397775,5276974,775,10
1097,397879,5284724,730,64
1098,397894,5284730,730,59.5
1099,397914,5279171,733,51
1100,397986,5284758,728,89.4
1101,397997,5284760,728,88.9
1102,398043,5277129,772,15
1103,398136,5285007,720,87.4
1104,398173,5283464,724,107
1105,398280,5269966,738,61
1106,398344,5279199,764,159
1107,398365,5284653,708,79.9
1108,398371,5279064,765,165
1109,398437,5278918,734,158
1110,398446,5267791,740,119
1111,398464,5250222,725,32
1112,398474,5283275,723,128
1113,398679,5283153,725,148
1114,398680,5283150,725,146
1115,398683,5250826,726,35
1116,398737,5284402,732,124.7
1117,398756,5284392,731,122.1
1118,398778,5284287,731,129.9
1119,398790,5282837,722,156
1120,398937,5265049,752,124
1121,398940,5252785,731,26
1122,398946,5251901,727,77
1123,398991,5252865,730,17
1124,399054,5282092,710,150
1125,399056,5251256,721,33
1126,399060,5283991,731,137
1127,399199,5264816,752,143
1128,399241,5249365,719,79
1129,399277,5264694,751,150
1130,399329,5249353,720,122
1131,399428,5247751,729,41
1132,399494,5263516,749,12
1133,399514,5263728,748,1
1134,399561,5263824,750,16
1135,399772,5252880,737,65
1136,399862,5265314,753,5
1137,399874,5279059,740,119
1138,399877,5265234,754,159
1139,399905,5283279,711,57
1140,399984,5265533,758,24
1141,400054,5265644,758,24
1142,400076,5279207,726,109
1143,400096,5279185,727,126
1144,400096,5279185,727,128.7
1145,400135,5279161,727,147
1146,400152,5265236,754,157.3
1147,400197,5265298,754,20.4
1148,400391,5280452,706,115
1149,400462,5283300,714,178
1150,400479,5280382,707,105
1151,400519,5283127,713,8
1152,400521,5280394,707,109
1153,400524,5281750,714,172.14
1154,400570,5281621,714,133
1155,400609,5280391,708,97
1156,400639,5282181,711,110
1157,400683,5255075,725,21
1158,400689,5255493,730,18
1159,400760,5281219,715,129.7
1160,400824,5274589,704,89
1161,400840,5268454,757,160.8
1162,400884,5286834,720,17.4
1163,400982,5266751,757,46
1164,401074,5256201,732,45
1165,401201,5274605,707,79
1166,401221,5282440,713,119
1167,401267,5256198,730,45
1168,401410,5280154,707,51
1169,401416,5256404,731,62
1170,401438,5274680,706,70
1171,401455,5280244,706,48.8
1172,401532,5280291,709,40
1173,401538,5258056,731,4.8
1174,401598,5280330,710,30
1175,401599,5275194,704,49
1176,401648,5258504,734,17
1177,401656,5259294,738,177.6
1178,401659,5256439,731,48
1179,401672,5256688,732,46
1180,401685,5280533,709,110
1181,401753,5280557,713,105
1182,401753,5248356,792,62
1183,401812,5280515,710,95
1184,401903,5256133,734,165
1185,401967,5280515,706,92
1186,402062,5280476,701,89
1187,402176,5280472,698,103
1188,402188,5266324,744,128
1189,402198,5258638,734,40
1190,402218,5266465,744,120
1191,402286,5255746,733,91
1192,402315,5254515,777,65
1193,402367,5255517,733,23
1194,402368,5255659,733,168
1195,402475,5266330,743,131
1196,402535,5258926,739,119
1197,402635,5266242,741,120
1198,402909,5249804,793,53
1199,402967,5258957,729,6
1200,402994,5249745,793,47
1201,403039,5242551,819,29
1202,403065,5242927,814,166
1203,403191,5258700,732,101
1204,403192,5252424,811,60
1205,403209,5249348,800,107
1206,403370,5244360,816,172
1207,403432,5244491,817,175
1208,403471,5259182,757,56
1209,403525,5244598,817,25
1210,403544,5270998,714,130.5
1211,403549,5278276,713,114
1212,403627,5280243,705,109
1213,403637,5262193,730,171
1214,403682,5254157,808,123
1215,403697,5254040,808,114
1216,403698,5260274,734,66
1217,403817,5280282,701,105
1218,403898,5280137,698,105
1219,403903,5260349,736,59
1220,403904,5277886,712,124
1221,403922,5261935,729,153
1222,404033,5261775,726,143
1223,404051,5255075,814,84
1224,404055,5267735,694,37
1225,404142,5255074,813,88
1226,404170,5280291,699,101
1227,404209,5279569,698,79
1228,404218,5260069,731,55
1229,404302,5261071,733,158
1230,404307,5261337,730,147
1231,404322,5260359,726,29
1232,404330,5249218,804,94
1233,404356,5260198,730,51
1234,404431,5280002,695,105
1235,404447,5259064,740,49
1236,404452,5260836,728,40
1237,404496,5260608,727,8
1238,404601,5259258,737,53
1239,404634,5264773,736,173
1240,404646,5280096,697,103
1241,404736,5249275,803,79
1242,404750,5264652,739,159
1243,404812,5264765,736,179
1244,404839,5263940,739,172
1245,404844,5259358,733,73
1246,404912,5259425,732,39
1247,404993,5263809,737,179
1248,405037,5249284,805,91
1249,405445,5252164,813,60
1250,405491,5277999,683,104
1251,405562,5251640,842,106
1252,405574,5278021,682,103
1253,405673,5269586,698,21
1254,405695,5278049,681,113
1255,406179,5252453,784,46
1256,406875,5253142,800,112
1257,406945,5253259,784,15
1258,407027,5264861,721,89
1259,407041,5265113,721,77
1260,407260,5252746,801,111
1261,407613,5266656,715,160
1262,407646,5266770,713,158
1263,407667,5266917,713,163
1264,407719,5266542,716,152
1265,407784,5276422,681,149
1266,407803,5258129,719,12
1267,407840,5266354,714,154
1268,407860,5262227,778,60
1269,407868,5261935,769,16
1270,407902,5262060,775,31
1271,408015,5262355,778,72
1272,408112,5265616,710,160
1273,408347,5273740,715,134
1274,408461,5260738,756,29
1275,408539,5247067,825,127
1276,408571,5249604,813,148
1277,408809,5249397,813,139
1278,408865,5263479,782,87
1279,408972,5251972,800,71
1280,408984,5277714,713,98
1281,409008,5249153,835,123
1282,409031,5270865,759,62
1283,409086,5267397,692,163
1284,409103,5270904,759,62.1
1285,409161,5270938,758,49
1286,409169,5271011,758,54
1287,409212,5269521,731,61
1288,409231,5248981,833,126
1289,409488,5271198,751,54.9
1290,409488,5271198,751,54
1291,409493,5248786,829,137
1292,409528,5271232,755,60.3
1293,409657,5279954,729,113.5
1294,409658,5279951,729,115.8
1295,409658,5257990,778,168
1296,409776,5276854,702,81
1297,409814,5252296,758,83
1298,409856,5278094,700,51.8
1299,409880,5250034,793,89
1300,409905,5277523,760,140
1301,409929,5277385,758,154
1302,409960,5248123,794,139
1303,409979,5268959,702,77
1304,409983,5277292,756,158
1305,410029,5277081,758,156
1306,410053,5277976,705,159.2
1307,410064,5278140,707,163.3
1308,410113,5277665,711,162.9
1309,410204,5281567,739,81
1310,410232,5250101,793,95
1311,410321,5279541,718,108
1312,410333,5272031,750,100.1
1313,410360,5277179,768,14
1314,410392,5272013,746,113.7
1315,410427,5277254,771,17
1316,410440,5271762,745,80
1317,410446,5273911,722,125
1318,410451,5271958,742,95
1319,410641,5271641,745,49.5
1320,410707,5277454,745,114
1321,410739,5271657,739,68.3
1322,410811,5269579,767,38
1323,410820,5277458,746,115
1324,410850,5274415,728,144
1325,410852,5277329,747,121
1326,410899,5261657,804,41
1327,410971,5270088,763,11
1328,411005,5271797,748,94
1329,411054,5270246,759,14
1330,411090,5274134,724,132.8
1331,411149,5271760,745,87.9
1332,411186,5276966,747,134
1333,411223,5259606,817,23
1334,411255,5276916,744,134.4
1335,411266,5269953,779,104
1336,411287,5259687,819,40
1337,411293,5271782,752,93.6
1338,411294,5279480,723,52.3
1339,411333,5259102,796,18
1340,411352,5280764,784,28
1341,411419,5276853,740,127
1342,411437,5276697,747,138
1343,411474,5272132,746,81
1344,411475,5259504,820,41
1345,411481,5263191,804,94
1346,411502,5280894,781,84
1347,411564,5272179,745,66.4
1348,411571,5271991,752,54.3
1349,411627,5258310,793,72
1350,411712,5278823,771,21.6
1351,411736,5278445,761,141
1352,411746,5259837,795,23
1353,411762,5262888,801,98
1354,411783,5278960,771,17
1355,411868,5278261,759,126
1356,411900,5287032,754,40
1357,411962,5258492,800,76
1358,411974,5278279,757,38
1359,411998,5272124,752,97
1360,412029,5280626,780,178.6
1361,412040,5270092,760,26
1362,412064,5281399,758,120
1363,412071,5276117,707,55
1364,412136,5281309,760,156
1365,412141,5272098,751,102
1366,412152,5264710,742,62
1367,412191,5272128,751,86.2
1368,412221,5258986,812,126
1369,412230,5279435,773,112
1370,412262,5280996,776,31
1371,412288,5262465,801,75
1372,412352,5278440,758,60
1373,412395,5263128,747,59
1374,412411,5281206,778,39
1375,412423,5294679,751,155
1376,412445,5294702,749,136
1377,412492,5294560,752,126
1378,412503,5294512,752,141
1379,412536,5294499,751,155
1380,412618,5258529,799,106
1381,412681,5279086,762,89
1382,412718,5282233,763,96
1383,412798,5282239,761,89
1384,412887,5272024,745,98
1385,412903,5270751,779,37
1386,412907,5258510,823,87
1387,412909,5258109,794,160
1388,412921,5257973,791,178
1389,412928,5258432,823,79
1390,413021,5298124,787,154
1391,413056,5298108,787,138
1392,413075,5258468,823,77
1393,413082,5262434,795,88
1394,413136,5270611,779,65
1395,413167,5257848,816,78
1396,413170,5258577,816,70
1397,413191,5271648,742,94
1398,413224,5297985,786,163
1399,413262,5271757,744,109
1400,413309,5262460,795,87
1401,413315,5257821,814,98
1402,413383,5271013,761,19
1403,413424,5256742,791,145
1404,413563,5281938,785,61.7
1405,413601,5257111,814,69
1406,413683,5271742,747,86
1407,413782,5255485,784,54
1408,413786,5271744,749,80
1409,413838,5256341,791,147
1410,413971,5271634,750,95
1411,413985,5264046,731,9
1412,414186,5293230,769,18
1413,414188,5288760,788,72
1414,414206,5293380,767,4.8
1415,414206,5293380,769,6
1416,414257,5293488,766,14
1417,414291,5265574,747,29
1418,414292,5265580,747,31
1419,414309,5283526,766,72
1420,414326,5265414,735,10
1421,414337,5261038,788,105
1422,414360,5251516,790,37
1423,414369,5265766,743,12
1424,414371,5293814,769,15
1425,414380,5294108,772,359
1426,414392,5293628,766,17
1427,414398,5293903,769,20
1428,414412,5293725,768,17
1429,414418,5294006,770,8
1430,414427,5273512,727,144
1431,414464,5288925,785,71
1432,414484,5278116,740,130
1433,414521,5260901,791,8
1434,414543,5251799,794,59
1435,414593,5257504,810,152
1436,414598,5275997,779,93
1437,414601,5261056,789,19
1438,414608,5278178,744,171
1439,414614,5300893,829,44
1440,414614,5300893,831,44
1441,414618,5266082,742,16
1442,414639,5289042,792,76
1443,414644,5256359,811,162
1444,414688,5267490,770,47
1445,414695,5261268,758,100
1446,414723,5271735,750,89
1447,414758,5275965,781,99.4
1448,414775,5289062,791,80
1449,414799,5275915,783,104
1450,414849,5271570,751,108
1451,414859,5267635,767,46
1452,414859,5290544,782,117
1453,414865,5301253,832,47
1454,414892,5256588,838,54
1455,414936,5256535,838,38
1456,414946,5275929,777,96
1457,414974,5288131,800,176
1458,414977,5255777,806,169
1459,414985,5271542,750,112
1460,414996,5255628,801,162
1461,415002,5288210,798,18
1462,415007,5275972,771,84.3
1463,415010,5288318,799,156
1464,415022,5275917,780,90.8
1465,415031,5301382,831,46
1466,415032,5255517,801,165
1467,415035,5255418,798,162
1468,415042,5289111,789,78
1469,415050,5257582,833,53
1470,415064,5251636,798,71
1471,415076,5275962,781,92
1472,415214,5267034,763,29
1473,415342,5275997,775,94
1474,415374,5267797,773,125
1475,415408,5275980,777,99.1
1476,415477,5268019,767,19
1477,415495,5275982,779,88.1
1478,415506,5264268,737,137
1479,415528,5275961,778,96.4
1480,415592,5268583,769,154
1481,415593,5275953,777,101
1482,415690,5275928,783,110
1483,415742,5268261,770,149
1484,415768,5275898,783,113.3
1485,415840,5275908,782,107.2
1486,415902,5275889,782,102
1487,415987,5275865,776,99
1488,416018,5275802,774,102
1489,416061,5277792,786,173
1490,416104,5277566,775,168
1491,416198,5277281,794,156
1492,416204,5270838,773,56
1493,416312,5269607,803,61
1494,416353,5276501,782,175
1495,416382,5276808,782,161
1496,416495,5266492,767,17
1497,416540,5285008,762,117
1498,416589,5272152,736,27
1499,416642,5266488,775,118
1500,417005,5265056,805,70
1501,417216,5265242,805,24
1502,417291,5266657,761,113
1503,417320,5284908,762,36
1504,417378,5265447,805,32
1505,417393,5266631,763,98
1506,417830,5287096,772,146
1507,417830,5287096,773,146.2
1508,417853,5286995,770,144.1
1509,417895,5286852,773,144.6
1510,417895,5286852,773,145
1511,417956,5286750,769,147.3
1512,418032,5286615,772,152.1
1513,418032,5286615,772,154
1514,418032,5287301,765,47
1515,418032,5287301,765,48
1516,418087,5275169,774,160
1517,418134,5287380,762,61.8
1518,418134,5287380,763,62
1519,418191,5274836,773,163
1520,418204,5282178,814,39
1521,418284,5274741,777,120
1522,418291,5275109,773,90
1523,418308,5287406,765,79.4
1524,418359,5289393,788,110
1525,418386,5275117,772,101
1526,418446,5287417,770,84.2
1527,418446,5287417,770,83
1528,418461,5275046,770,143
1529,418531,5265936,796,112
1530,418535,5273639,756,5
1531,418551,5273765,758,25
1532,418590,5273470,751,156
1533,418618,5265739,798,122
1534,418651,5273948,759,43
1535,418654,5289292,789,110
1536,418713,5282453,772,10
1537,418719,5282521,771,40
1538,418727,5274634,770,105
1539,418820,5289233,790,111
1540,418864,5265434,802,112
1541,418911,5265121,797,121
1542,418945,5273260,734,17
1543,418985,5273339,736,31
1544,419026,5273423,737,39
1545,419075,5264324,758,171
1546,419277,5285200,765,154
1547,419380,5280875,830,62
1548,419451,5262252,802,119
1549,419470,5280928,831,70
1550,419585,5280624,828,60
1551,419607,5280791,829,83
1552,419681,5265545,794,48
1553,419850,5262044,799,99
1554,419874,5280332,836,156
1555,419883,5262099,801,116
1556,419889,5264636,793,109
1557,419916,5262023,795,124
1558,419934,5287628,783,122
1559,420013,5261179,790,152
1560,420049,5261629,795,0
1561,420103,5279802,836,140
1562,420190,5280900,829,91
1563,420240,5264769,813,146
1564,420414,5264347,799,64
1565,420420,5280853,828,80
1566,420449,5271490,748,104
1567,420511,5286562,779,123
1568,420536,5279759,835,129
1569,420544,5280905,828,45
1570,420593,5279564,835,133
1571,420661,5279564,835,126
1572,420685,5261457,805,54
1573,420823,5261789,802,89
1574,420869,5262629,805,131
1575,420935,5279710,816,118
1576,421009,5267129,813,161
1577,421054,5261624,807,105
1578,421055,5262499,815,137
1579,421146,5262352,815,156
1580,421166,5266921,830,73
1581,421300,5262050,815,161
1582,421363,5260769,824,164
1583,421411,5260736,825,159
1584,421417,5261819,810,167
1585,421421,5260574,820,78
1586,421444,5260644,826,8
1587,421510,5261637,806,143
1588,421569,5278155,813,31
1589,421596,5261845,811,10
1590,421607,5261776,814,150
1591,421648,5278023,808,41
1592,421813,5261599,807,121
1593,421813,5272625,785,6
1594,421823,5280527,834,76
1595,421825,5272818,786,27
1596,421868,5261589,809,100
1597,421872,5261822,806,53
1598,421900,5274968,769,127
1599,421913,5262368,811,29
1600,421930,5261601,808,68
1601,422003,5272903,791,128
1602,422023,5261711,804,49
1603,422050,5275469,761,63
1604,422354,5262381,821,111
1605,422386,5265352,809,172
1606,422436,5265199,811,163
1607,422446,5290670,775,32
1608,422477,5290744,775,45
1609,422537,5269415,791,62
1610,422579,5281532,841,160
1611,422681,5269056,788,105
1612,422717,5269613,792,78
1613,422930,5267072,807,121
1614,422973,5267059,806,88
1615,423295,5266225,806,104
1616,424010,5282190,832,99
1617,424143,5282239,832,77
1618,424183,5266420,803,132
1619,424191,5283334,826,46
1620,424263,5266277,812,104
1621,424336,5282294,833,91
1622,424453,5282170,835,92
1623,424540,5266228,821,28
1624,424632,5265942,800,1
1625,424709,5266176,802,10
1626,424722,5266406,802,172
1627,424765,5266585,795,14
1628,426800,5271719,787,129
1629,428990,5271610,798,114
1630,428997,5270939,792,41
1631,429174,5271547,797,88
1632,397528,5279428,737,18
1633,374499,5271662,843,111
1634,402751,5280694,701,116
1635,402963,5280724,700,118
1636,410784,5296756,760,154
1637,410785,5296583,757,149
1638,409678,5297924,766,122
1639,414080,5294313,776,113
1640,409408,5272505,738,93
1641,409483,5271897,751,72
1642,409304,5271831,752,81
1643,409221,5271791,753,80
1644,407519,5270934,701,59
1645,408605,5270330,717,75
1646,409668,5269423,700,105
1647,374405,5271746,836,148
1648,369006,5267015,850,8
1649,366565,5266382,875,124
1650,365916,5266034,880,122
1651,363329,5265729,868,133
1652,363115,5265848,866,102
1653,362999,5265839,866,90
1654,349822,5265559,822,33
1655,342415,5262557,890,109
1656,340839,5261446,898,66
1657,338745,5261177,916,142
1658,372599,5249522,782,104
1659,367856,5250033,822,155
1660,382175,5253613,821,44
1661,375956,5281819,800,58
1662,376358,5283245,788,18
1663,395139,5290429,746,115
1664,401063,5285995,720,53
1665,401945,5285224,681,105
1666,401920,5285172,681,61
1667,402273,5284434,681,84
1668,402445,5283969,681,103
1669,369065,5267186,883,128
1670,368911,5267363,885,155
1671,384792,5286534,776,116
1672,395402,5282335,791,124
1673,397411,5282696,711,29
1674,397638,5282709,716,29
1675,401568,5282338,710,126
1676,401709,5282142,710,145
1677,396813,5260472,755,178
1678,396765,5260579,751,1
1679,396754,5260754,755,16
1680,396841,5260862,767,16
1681,394675,5259680,762,105
1682,394483,5259682,763,86
1683,377536,5257704,833,149
1684,379021,5258109,846,79
1685,378662,5259220,841,134
1686,387420,5265343,778,133
1687,387435,5265437,774,129
1688,392355,5270524,799,179
1689,392317,5270698,796,168
1690,392273,5270903,796,162
1691,391980,5274456,800,123
1692,391846,5274603,812,114
1693,391882,5283208,823,104
1694,393718,5283407,761,39
1695,397612,5280663,742,23
1696,400048,5273113,748,122
1697,400312,5271832,761,146
1698,403208,5271867,705,62
1699,369512,5243135,791,123
1700,363703,5241069,808,11
1701,336565,5242547,849,140
1702,335964,5240151,888,63
1703,347821,5241790,832,125
1704,346454,5245938,864,90
1705,344997,5249396,864,84
1706,343801,5251710,887,64
1707,343623,5251741,884,71
1708,339153,5254867,899,76
1709,339264,5254961,899,83
1710,334015,5262208,925,28
1711,333921,5262748,918,152
1712,329952,5271614,850,80
1713,329844,5272853,876,108
1714,329868,5272840,876,129
1715,330009,5272996,868,12
1716,332023,5272148,845,154
1717,333496,5272614,845,129
1718,333402,5272722,845,126
1719,333261,5272827,846,109
1720,333305,5272752,846,121
1721,333368,5272676,845,163
1722,333731,5272538,843,70
1723,333840,5272607,844,49
1724,333895,5272663,844,19
1725,334124,5272449,842,111
1726,332904,5270664,847,95
1727,332984,5270653,846,41
1728,333581,5271344,856,63
1729,333676,5271410,842,143
1730,336290,5271458,836,70
1731,343568,5270323,839,84
1732,344886,5270485,836,51
1733,344954,5270554,836,40
1734,345401,5270789,840,114
1735,388947,5293743,774,152
1736,388859,5293937,778,162
1737,388814,5294190,778,175
1738,389219,5293633,777,34
1739,387066,5291954,778,68
1740,386541,5291237,808,118
1741,392229,5290065,756,22
1742,393140,5282817,815,109
1743,394228,5277833,756,136
1744,394375,5276831,755,167
1745,389839,5275945,807,29
1746,389763,5275822,807,38
1747,389374,5275522,811,50
1748,388727,5274979,807,57
1749,388851,5275026,809,53
1750,326886,5247761,915,130
1751,328176,5247547,900,116
1752,327184,5247538,909,114
1753,327393,5247476,910,79
1754,352882,5246637,843,85
1755,354271,5261390,872,81
1756,354994,5263239,875,119
1757,353773,5264962,856,42
1758,353606,5264783,860,39
1759,345873,5267071,822,118
1760,345965,5266765,833,15
1761,345654,5266195,836,145
1762,345966,5266064,832,135
1763,346535,5264806,848,43
1764,345758,5264523,836,136
1765,343566,5263092,901,110
1766,340199,5261938,899,162
1767,339206,5261978,905,64
1768,335882,5262585,940,30
1769,403395,5277570,754,6
1770,404008,5277699,708,124
1771,411886,5275790,697,49
1772,412008,5279519,762,36
1773,422814,5298380,728,83
1774,421335,5295693,768,123
1775,421450,5295592,765,120
1776,419126,5291606,800,82
1777,416772,5290011,789,116
1778,415702,5287503,788,93
1779,415677,5287508,789,108
1780,333109,5274279,868,21
1781,390462,5286377,763,70
1782,335980,5272558,850,46
1783,336100,5272549,846,101
1784,335884,5273047,840,65
1785,337597,5273688,837,158
1786,337638,5273596,827,107
1787,350973,5268044,819,66
1788,334882,5275524,851,93
1789,335514,5275263,849,55
1790,335476,5275234,848,74
1791,336694,5274210,845,125
1792,337887,5271162,828,111
1793,338560,5270332,847,11
1794,340315,5270448,838,157
1795,376746,5278103,775,118
1796,358551,5266952,789,138
1797,358575,5266920,789,157
1798,362085,5270680,800,62
1799,368923,5271202,838,39
1800,393488,5280020,757,145
1801,337492,5268623,861,131
1802,341175,5270290,840,46
1803,334709,5274586,865,52
1804,335652,5274687,847,110
1805,336171,5274843,838,71
1806,368463,5273681,806,34
1807,387610,5289305,795,176
1808,388991,5287685,796,111
1809,394316,5288390,748,117
1810,394458,5288258,749,109
1811,394105,5288488,746,96
1812,397183,5287660,726,168
1813,397240,5287590,727,128
1814,397277,5287450,725,128
1815,397738,5287390,723,97
1816,397834,5287296,725,90
1817,397969,5287466,721,66
1818,353000,5265790,816,48
1819,360872,5271288,777,114
1820,368676,5274152,799,114
1821,335612,5274884,841,158
1822,394470,5260085,759,73
1823,394398,5260145,760,102
1824,393978,5260117,766,55
1825,397006,5261257,728,175
1826,338806,5269221,842,122
1827,339689,5269659,855,81
1828,340883,5269897,852,61
1829,363257,5273205,812,132
1830,363505,5274134,792,108
1831,367184,5276213,775,117
1832,327765,5266082,942,68
1833,328012,5266105,940,85
1834,328179,5266057,937,92
1835,328328,5266080,936,76
1836,328439,5266143,933,75
1837,328537,5266126,932,77
1838,328430,5266469,919,119
1839,327946,5263676,924,96
1840,333365,5270032,856,20
1841,333246,5269714,851,56
1842,334257,5269096,846,97
1843,334405,5269036,846,87
1844,334448,5269605,847,160
1845,334281,5269841,852,128
1846,334154,5269938,853,126
1847,334656,5270097,843,44
1848,341017,5271385,841,49
1849,350242,5268528,811,84
1850,362667,5272949,788,106
1851,367125,5275812,785,123
1852,368201,5275607,781,123
1853,377259,5276450,803,107
1854,376665,5276499,788,83
1855,378389,5276326,841,66
1856,377933,5276288,840,135
1857,327997,5266440,927,83
1858,327429,5266262,937,26
1859,327290,5266230,930,52
1860,326533,5266406,937,113
1861,326387,5266391,935,128
1862,326580,5264967,938,120
1863,327035,5271051,880,48
1864,325640,5268184,950,102
1865,326031,5267517,952,177
1866,326061,5267371,951,142
1867,325983,5267321,944,158
1868,325874,5267302,941,167
1869,331635,5263647,922,14
1870,332737,5263210,912,3
1871,332773,5263031,914,29
1872,366673,5248476,834,48
1873,365350,5255150,830,138
1874,365517,5255049,828,131
1875,365287,5255225,831,130
1876,365013,5255334,827,135
1877,366436,5255906,833,144
1878,366569,5255769,832,114
1879,363395,5256984,839,62
1880,363350,5257347,842,54
1881,360294,5259692,859,31
1882,357235,5263701,820,109
1883,357574,5265019,812,80
1884,362313,5269145,802,60
1885,363092,5270014,814,41
1886,363483,5270535,817,68
1887,363600,5270966,817,125
1888,361571,5270319,807,102
1889,361663,5270310,805,79
1890,362927,5270625,808,46
1891,364668,5270946,873,137
1892,366704,5270956,875,24
1893,368299,5271487,851,11
1894,394525,5262208,737,125
1895,392776,5263919,746,23
1896,392700,5263848,748,24
1897,392288,5262926,820,173
1898,392303,5262787,820,160
1899,395268,5258819,770,82
1900,395898,5250709,744,81
1901,393675,5247359,751,37
1902,393652,5247269,750,19
1903,393757,5246393,733,75
1904,393573,5246463,731,18
1905,393479,5246238,733,82
1906,392671,5246902,739,68
1907,392827,5246883,737,65
1908,392519,5247145,750,63
1909,386415,5246956,752,130
1910,382507,5250183,809,76
1911,381227,5251287,795,47
1912,381335,5251343,793,59
1913,380801,5252416,802,100
1914,380728,5255633,820,111
1915,380548,5255717,826,100
1916,379905,5256211,844,77
1917,380294,5260530,823,156
1918,380390,5262036,783,37
1919,412060,5299133,764,55
1920,380183,5267083,831,128
1921,380355,5266948,828,125
1922,380217,5267639,810,100
1923,380259,5269515,818,62
1924,381638,5269753,817,69
1925,382005,5269769,811,61
1926,382250,5270094,853,77
1927,384089,5269549,823,14
1928,384001,5269378,822,53
1929,384117,5269283,804,177
1930,388580,5274517,814,39
1931,392215,5279034,771,78
1932,392161,5280720,770,87
1933,392978,5273754,751,121
1934,396833,5275110,733,19
1935,396816,5275364,733,25
1936,400819,5276431,697,14
1937,401822,5276096,700,24
1938,403817,5276493,711,110
1939,405831,5276951,709,89
1940,404849,5276969,704,98
1941,402594,5276861,714,120
1942,403387,5278810,717,95
1943,404487,5278720,707,115
1944,405005,5278655,699,118
1945,404273,5279379,700,64
1946,404150,5279340,701,29
1947,403244,5276599,706,93
1948,403674,5276479,708,104
1949,401797,5276273,702,13
1950,401154,5275832,707,88
1951,403012,5278256,720,120
1952,403525,5278112,728,82
1953,401984,5279183,730,125
1954,397787,5268460,751,72
1955,397936,5268722,753,157
1956,398282,5267892,742,109
1957,397710,5265732,757,89
1958,398407,5264733,762,43
1959,398446,5264787,762,21
1960,398466,5264875,761,8
1961,399056,5263750,754,151
1962,399029,5263828,756,164
1963,399198,5263821,754,147
1964,400134,5261556,696,68
1965,401615,5263306,743,168
1966,401462,5263922,748,168
1967,401506,5264232,747,158
1968,400237,5265421,751,29
1969,399683,5263697,730,17
1970,399315,5263333,764,109
1971,399062,5263250,748,154
1972,396909,5264564,727,59
1973,395879,5263286,727,89
1974,395742,5261707,764,59
1975,393013,5260825,744,97
1976,411778,5298281,753,76
1977,409200,5294186,757,74
1978,412703,5291941,749,128
1979,412551,5292158,744,120
1980,412693,5292152,744,108
1981,406192,5293707,760,150
1982,408653,5292654,761,65
1983,408894,5292674,773,44
1984,410490,5287474,720,119
1985,411154,5287530,744,103
1986,407101,5284089,727,175
1987,407163,5283925,729,159
1988,409976,5279488,719,120
1989,410142,5279355,723,118
1990,410301,5279363,721,120
1991,394598,5268061,758,115
1992,410537,5279423,715,114
1993,394732,5267826,752,102
1994,394543,5267651,750,105
1995,396413,5262662,718,35
1996,390911,5261875,752,131
1997,388912,5263710,804,170
1998,389680,5266838,750,89
1999,390383,5272989,784,110
2000,390506,5273288,774,121
2001,391179,5274344,783,41
2002,391924,5275104,753,124
2003,391304,5275545,760,110
2004,391515,5275907,767,173
2005,391437,5276121,767,120
2006,391726,5279732,772,38
2007,393357,5282717,814,117
2008,393346,5282624,810,118
2009,391647,5283878,816,117
2010,390381,5287444,781,115
2011,397944,5271857,785,39
2012,403259,5270725,695,94
2013,403094,5270502,698,156
2014,401595,5264073,746,138
2015,397079,5261524,724,166
2016,396944,5261866,723,174
2017,397075,5261617,723,169
2018,396424,5260137,754,39
2019,396228,5259979,759,44
2020,387965,5259177,787,59
2021,411646,5286519,738,29
2022,411824,5286775,733,70
2023,407068,5283032,725,160
2024,408662,5281241,696,157
2025,409108,5281151,700,151
2026,409545,5281312,703,125
2027,409766,5281111,706,57
2028,410121,5281110,704,173
2029,409532,5280108,725,126
2030,408386,5276706,691,103
2031,409807,5276427,701,122
2032,410874,5275982,697,107
2033,411176,5275887,695,102
2034,408202,5273756,715,129
2035,407122,5271633,694,68
2036,407751,5271186,694,52
2037,409454,5266442,705,104
2038,409349,5265903,702,110
2039,409742,5265619,713,118
2040,409196,5264537,759,43
2041,408778,5264032,753,41
2042,408211,5263811,757,66
2043,408322,5263826,756,91
2044,393094,5264187,774,59
2045,390058,5264306,759,62
2046,388570,5265146,765,106
2047,388266,5265241,783,146
2048,388394,5265417,777,119
2049,388115,5265824,801,136
2050,388609,5265895,773,156
2051,390599,5264185,770,60
2052,394316,5261460,752,121
2053,390779,5260308,739,177
2054,390639,5260484,739,177
2055,397490,5273268,724,63
2056,397900,5273319,727,93
2057,398046,5273380,730,86
2058,400122,5273312,754,80
2059,401150,5272365,719,40
2060,401562,5272089,706,64
2061,402002,5272114,704,110
2062,402019,5272239,705,56
2063,400526,5270201,716,53
2064,399588,5269756,742,99
2065,395429,5283101,753,135
2066,395408,5282980,754,132
2067,395118,5284417,733,111
2068,380980,5278225,800,162
2069,380902,5278418,796,153
2070,380653,5279552,775,136
2071,386359,5284110,795,80
2072,386229,5284032,788,65
2073,387425,5284323,825,89
2074,388391,5284729,820,114
2075,396239,5287186,725,52
2076,356501,5252401,860,122
2077,357010,5254856,844,38
2078,357357,5256058,853,118
2079,357642,5256157,853,98
2080,357812,5256192,850,54
2081,360178,5259844,858,67
2082,361977,5262509,836,106
2083,362366,5265430,836,119
2084,362133,5265599,838,126
2085,370416,5258646,844,25
2086,371551,5258080,836,144
2087,371926,5257989,848,69
2088,373673,5258466,853,61
2089,374829,5259031,850,65
2090,376305,5259935,835,107
2091,373895,5263292,852,39
2092,375750,5269374,827,95
2093,375862,5269314,826,91
2094,375964,5269290,826,96
2095,379170,5274716,863,13
2096,379179,5275712,796,3
2097,378424,5276036,861,166
2098,378881,5276738,794,106
2099,334006,5258276,912,126
2100,380734,5263720,789,37
2101,379976,5263810,793,107
2102,379050,5263286,793,34
2103,333155,5259609,932,38
2104,337715,5257981,905,12
2105,343632,5260503,895,155
2106,338068,5260589,911,41
2107,336804,5260329,907,40
2108,337629,5261816,939,37
2109,337799,5263875,914,3
2110,337850,5263826,914,131
2111,337899,5263799,914,91
2112,338050,5263972,913,91
2113,338142,5263998,914,61
2114,336632,5267054,871,49
2115,337473,5267580,848,44
2116,337758,5267806,862,161
2117,338771,5269041,845,80
2118,344867,5268292,817,125
2119,345029,5268095,820,151
2120,345344,5267141,836,154
2121,343450,5262192,911,22
2122,396909,5268890,792,112
2123,396452,5267324,800,65
2124,395900,5269742,797,125
2125,395093,5269193,788,51
2126,393014,5272688,789,89
2127,394746,5276451,756,145
2128,398162,5279751,770,2
2129,398188,5279643,769,164
2130,401400,5280727,711,124
2131,401768,5281521,707,152
2132,401036,5282219,714,99
2133,402567,5284058,681,94
2134,393125,5283063,813,130
2135,392588,5283122,814,121
2136,391899,5283587,820,117
2137,391813,5283714,818,118
2138,391621,5284165,824,62
2139,390212,5284962,773,74
2140,390267,5284918,773,137
2141,390370,5286955,794,87
2142,384032,5264641,780,21
2143,383625,5266207,805,3
2144,382738,5266870,787,119
2145,383182,5267009,805,58
2146,380850,5266650,815,24
2147,380921,5266556,816,61
2148,381254,5267924,824,67
2149,381656,5267975,811,56
2150,380937,5271665,847,66
2151,383665,5269481,860,21
2152,370733,5277570,850,130
2153,371604,5276563,835,125
2154,382162,5280610,780,122
2155,382090,5280647,781,124
2156,382704,5281181,761,114
2157,391571,5285724,739,28
2158,394405,5286710,742,143
2159,398702,5281734,719,151
2160,380126,5263588,794,65
2161,379936,5263399,793,153
2162,377058,5262801,821,101
2163,374082,5261228,851,112
2164,374313,5259984,864,37
2165,375049,5259775,861,60
2166,373116,5255877,809,114
2167,373031,5255901,808,140
2168,372589,5260181,859,86
2169,373936,5264975,804,168
2170,373930,5265091,805,174
2171,373919,5265156,808,176
2172,373926,5265358,810,5
2173,373968,5265446,811,12
2174,369568,5262561,833,5
2175,382514,5265299,789,134
2176,375809,5258835,864,51
2177,374629,5258943,848,63
2178,388246,5287208,794,103
2179,387461,5286241,824,3
2180,387142,5286486,741,29
2181,386100,5285939,759,134
2182,386175,5285464,762,127
2183,387103,5282086,796,106
2184,387080,5281241,820,28
2185,386946,5280273,791,134
2186,386925,5280431,782,162
2187,387004,5280372,784,13
2188,385062,5278592,785,145
2189,384251,5278159,804,111
2190,384372,5278142,809,89
2191,382987,5278444,799,168
2192,381766,5278064,814,111
2193,379779,5278728,775,4
2194,377848,5280638,792,125
2195,377424,5280517,781,145
2196,377507,5280370,778,148
2197,376566,5281003,804,98
2198,375640,5277187,778,161
2199,375728,5276825,783,165
2200,374199,5276101,791,95
2201,369992,5275972,766,30
2202,372082,5273088,832,49
2203,372460,5271179,827,144
2204,372751,5271360,845,17
2205,373028,5271116,845,114
2206,372782,5270968,825,143
2207,372826,5270641,820,147
2208,373471,5269214,816,156
2209,365148,5247399,817,150
2210,364616,5247632,827,133
2211,364267,5248486,834,30
2212,364399,5248632,835,42
2213,364829,5249001,840,24
2214,358390,5246390,828,80
2215,355268,5244229,817,71
2216,351570,5245657,842,159
2217,347959,5244971,850,67
2218,343814,5247029,842,82
2219,343727,5247012,842,51
2220,343722,5246983,842,14
2221,358156,5253444,830,119
2222,358074,5253125,834,114
2223,358209,5252850,848,29
2224,357649,5253879,843,99
2225,357817,5253725,849,29
2226,357024,5253478,833,38
2227,357071,5252955,843,70
2228,361421,5254780,858,135
2229,372977,5257837,829,79
2230,373975,5257354,855,55
2231,383256,5252179,799,111
2232,382784,5250297,799,128
2233,382180,5252091,805,137
2234,378127,5255072,823,80
2235,367412,5246792,819,98
2236,367482,5246781,820,104
2237,367889,5247765,817,157
2238,368332,5249023,818,35
2239,361082,5255226,851,139
2240,361014,5255296,851,142
2241,360325,5255628,857,120
2242,362881,5258670,843,150
2243,360561,5258106,850,22
2244,334981,5265794,884,89
2245,372234,5273116,830,57
2246,392057,5249640,799,35
2247,392072,5249702,799,169
2248,392075,5249765,797,21
2249,391757,5249835,796,39
2250,391041,5249733,795,146
2251,390339,5249031,797,118
2252,389856,5249897,802,3
2253,389855,5249857,801,150
2254,388934,5249912,814,111
2255,388671,5251011,820,72
2256,388733,5251068,820,100
2257,388743,5251030,821,94
2258,387098,5251488,794,37
2259,385428,5250578,805,77
2260,385220,5250313,792,70
2261,384169,5249506,778,124
2262,383201,5247008,753,136
2263,381376,5249132,767,118
2264,381263,5249128,764,111
2265,375582,5247221,800,128
2266,375462,5247311,801,120
2267,371463,5249660,815,118
2268,364684,5248923,836,39
2269,361968,5244532,821,46
2270,358497,5247518,828,139
2271,357801,5247005,833,59
2272,357837,5247033,835,24
2273,357331,5248140,818,135
2274,357503,5249299,839,113
2275,355781,5249082,841,14
2276,359183,5252559,846,138
2277,401573,5252023,771,49
2278,400718,5252389,762,85
2279,400398,5252835,732,95
2280,399485,5253620,725,32
2281,402432,5257899,733,39
2282,401728,5257368,740,65
2283,401539,5257252,742,16
2284,401563,5257165,739,23
2285,401759,5257776,743,94
2286,402381,5258619,738,47
2287,397964,5257696,744,159
2288,397802,5257773,758,30
2289,396339,5256279,712,126
2290,394677,5252871,739,141
2291,394031,5253821,764,33
2292,395634,5254816,751,18
2293,396185,5258113,734,38
2294,411084,5268453,755,86
2295,411418,5268580,750,52
2296,408837,5273167,712,141
2297,373950,5268387,817,137
2298,349117,5267630,796,53
2299,408797,5273256,710,158
2300,398937,5249313,724,86
2301,399529,5249089,722,119
2302,399452,5249455,724,8
2303,399511,5249326,722,18
2304,398131,5252430,736,120
2305,397839,5257933,765,69
2306,397485,5259123,758,41
2307,397163,5259156,754,21
2308,398976,5266077,760,66
2309,398635,5267023,767,34
2310,350972,5257121,872,64
2311,350048,5259371,921,147
2312,349219,5268095,786,113
2313,351031,5268422,812,167
2314,351654,5268891,821,142
2315,390206,5271006,780,71
2316,390457,5271904,792,46
2317,392049,5271200,798,142
2318,391744,5271697,786,70
2319,381352,5273499,836,105
2320,379710,5273766,836,124
2321,379842,5273662,834,151
2322,379986,5273457,832,141
2323,381291,5272629,826,21
2324,370837,5275676,793,134
2325,371103,5275630,793,120
2326,419823,5279333,841,153
2327,419779,5278990,810,144
2328,425114,5275481,829,131
2329,425242,5275316,828,124
2330,425814,5274994,831,78
2331,426348,5274199,817,170
2332,428042,5269580,792,138
2333,428413,5269151,812,101
2334,431296,5266045,847,173
2335,346669,5267387,823,120
2336,346294,5267445,815,129
2337,347691,5267123,836,101
2338,348261,5266486,833,111
2339,349526,5266473,843,79
2340,350973,5267380,837,13
2341,352196,5268026,835,63
2342,366755,5267316,889,22
2343,367671,5266823,892,161
2344,368597,5266351,867,152
2345,369901,5266378,857,172
2346,371994,5267491,885,140
2347,370739,5265857,851,43
2348,367605,5265517,848,29
2349,367193,5265566,873,113
2350,367074,5265597,872,132
2351,366379,5265628,870,24
2352,361464,5264704,826,115
2353,369975,5250935,806,63
2354,369141,5256840,830,144
2355,369123,5256975,832,161
2356,368981,5257219,834,162
2357,368782,5257398,834,9
2358,368734,5257589,831,140
2359,369449,5257723,833,49
2360,369571,5257829,839,52
2361,369310,5258013,845,71
2362,370577,5258388,844,144
2363,371069,5258421,838,34
2364,371107,5258674,840,121
2365,371409,5258478,852,26
2366,368509,5259071,845,73
2367,368252,5258898,839,27
2368,372556,5258854,841,133
2369,375143,5257178,818,21
2370,394357,5254941,765,8
2371,403897,5270305,710,107
2372,404363,5270260,714,116
2373,405024,5270687,700,129
2374,393082,5270537,798,28
2375,380360,5270824,828,97
2376,379404,5270488,833,44
2377,377080,5268966,822,107
2378,374327,5268757,821,91
2379,373591,5268734,819,136
2380,367995,5270548,857,109
2381,367893,5270636,864,134
2382,365021,5272261,790,145
2383,364021,5272108,873,54
2384,363136,5272087,815,42
2385,361670,5270631,812,66
2386,361547,5270598,811,88
2387,361813,5270618,811,79
2388,361332,5270593,808,68
2389,356280,5266334,865,35
2390,354886,5266753,823,36
2391,358898,5264179,854,109
2392,346222,5256019,908,29
2393,343774,5257386,901,64
2394,343965,5257413,902,106
2395,343857,5257999,903,47
2396,366198,5272725,808,61
2397,366315,5272706,811,94
2398,366280,5272577,813,78
2399,366939,5272749,860,109
2400,363543,5274045,809,139
2401,353027,5266606,806,116
2402,351334,5266805,849,74
2403,346432,5266527,835,119
2404,339227,5262473,899,138
2405,338272,5262402,913,69
2406,338237,5263098,895,80
2407,336624,5263935,921,66
2408,336550,5263850,920,58
2409,329319,5274316,886,28
2410,329017,5273498,883,101
2411,328833,5273552,881,52
2412,328286,5273092,880,107
2413,328234,5273867,883,67
2414,333732,5277270,845,5
2415,330077,5254824,882,136
2416,330060,5254884,881,144
2417,330055,5254941,880,165
2418,330040,5255102,878,152
2419,329553,5255606,875,173
2420,328951,5257052,884,147
2421,330126,5257335,922,21
2422,329067,5260397,937,85
2423,328963,5260569,936,120
2424,327585,5261021,937,95
2425,327710,5261061,934,24
2426,327399,5262250,928,77
2427,324830,5262852,948,158
2428,328292,5262945,934,176
2429,328456,5262815,935,140
2430,328420,5262903,934,157
2431,328390,5263008,934,144
2432,328293,5263073,935,111
2433,330198,5263438,922,85
2434,338888,5258675,876,120
2435,340539,5262768,892,116
2436,341052,5265807,846,121
2437,341966,5266946,844,69
2438,344318,5269323,832,163
2439,344819,5270171,838,45
2440,345664,5270495,830,123
2441,348232,5270336,839,36
2442,351276,5272679,848,159
2443,360137,5248503,844,82
2444,360746,5248620,839,69
2445,357259,5248753,841,148
2446,357109,5248977,841,116
2447,355689,5249008,841,117
2448,354827,5249596,837,105
2449,359708,5249690,843,45
2450,365019,5249706,839,30
2451,363830,5250315,848,101
2452,363416,5250345,842,91
2453,354222,5250577,846,112
2454,354286,5250652,845,65
2455,353467,5250592,842,133
2456,337539,5251203,854,148
2457,340708,5251774,893,55
2458,342663,5251714,888,51
2459,351493,5251888,856,106
2460,352707,5251979,862,85
2461,352852,5251933,857,111
2462,352875,5251745,848,14
2463,352749,5251701,851,7
2464,352692,5251855,859,106
2465,352799,5251496,845,99
2466,353115,5251515,843,76
2467,353319,5251793,849,145
2468,352582,5252240,862,100
2469,354524,5251717,857,131
2470,390055,5286875,790,107
2471,332581,5271792,861,108
2472,385512,5291810,767,148
2473,385393,5293329,802,124
2474,388552,5294847,783,167
2475,393881,5297132,745,134
2476,397502,5292927,713,171
2477,401320,5285882,720,55
2478,399823,5281142,716,33
2479,401302,5281632,707,128
2480,327116,5238980,900,129
2481,327824,5238492,901,113
2482,327992,5238414,895,94
2483,328702,5235384,913,41
2484,332309,5233527,931,118
2485,353975,5240658,833,162
2486,332353,5275596,880,112
2487,332184,5275638,879,62
2488,331945,5273759,868,121
2489,332493,5273479,868,140
2490,332549,5270722,862,148
2491,331864,5270110,896,17
2492,331395,5269200,866,149
2493,332963,5265858,861,44
2494,331938,5265268,880,146
2495,328757,5267553,920,120
2496,327681,5267095,913,110
2497,326779,5267447,933,107
2498,326662,5267467,934,91
2499,325799,5268478,928,148
2500,325483,5268585,939,22
2501,326617,5267181,927,93
2502,387068,5256922,781,141
2503,387706,5256179,774,140
2504,390084,5256191,773,137
2505,390186,5256049,773,136
2506,331209,5268489,872,49
2507,332762,5269554,863,117
2508,333395,5269891,855,71
2509,335642,5269465,848,102
2510,335916,5269417,866,120
2511,336772,5269860,858,173
2512,338729,5269666,852,157
2513,339196,5269452,852,127
2514,340129,5269729,850,151
2515,385450,5286313,777,99
2516,385747,5286207,779,113
2517,386473,5285880,772,103
2518,390180,5286744,793,79
2519,391709,5288920,756,161
2520,391390,5289349,765,153
2521,391356,5289582,766,152
2522,391125,5290058,766,150
2523,390995,5290162,765,151
2524,390317,5290725,786,38
2525,390164,5290984,773,98
2526,390338,5291037,777,123
2527,390510,5290909,774,124
2528,390644,5290830,775,122
2529,389849,5291975,777,131
2530,394640,5291079,752,147
2531,394668,5290955,750,1
2532,394766,5291300,749,146
2533,394782,5291005,750,169
2534,394752,5290721,746,25
2535,394176,5290578,741,121
2536,394710,5290460,733,18
2537,394668,5290298,730,127
2538,395317,5290416,742,115
2539,396096,5290100,735,151
2540,395723,5292299,727,63
2541,407001,5299119,749,167
2542,411968,5295213,756,148
2543,409398,5279965,729,99
2544,408133,5279675,696,119
2545,407814,5279798,706,158
2546,367336,5245983,807,127
2547,367486,5246009,805,122
2548,367368,5246119,806,137
2549,368310,5246723,809,137
2550,371326,5247128,805,13
2551,372942,5249078,811,113
2552,373166,5248964,806,126
2553,376778,5250421,788,127
2554,378589,5250665,796,62
2555,377773,5250929,789,131
2556,369196,5250853,812,74
2557,368508,5250976,805,137
2558,375655,5255944,822,164
2559,377039,5256268,813,20
2560,378008,5256912,834,119
2561,373306,5262429,832,166
2562,373649,5262713,846,36
2563,375684,5263879,836,122
2564,373899,5265908,805,173
2565,373909,5266135,810,162
2566,376587,5268633,828,118
2567,371691,5271654,869,55
2568,371527,5272027,867,145
2569,371446,5272247,840,36
2570,371477,5272420,834,31
2571,366696,5276551,782,125
2572,363905,5275294,785,53
2573,363217,5275301,786,75
2574,358256,5266936,781,46
2575,358414,5267010,784,64
2576,355508,5265157,861,65
2577,349421,5260865,933,41
2578,349335,5260819,933,41
2579,349252,5260747,931,30
2580,349175,5260646,941,173
2581,348524,5261723,894,178
2582,348507,5261794,894,12
2583,344159,5270702,847,121
2584,342758,5271215,827,58
2585,348598,5260314,926,35
2586,348472,5260212,926,35
2587,346150,5260744,940,13
2588,340574,5271942,829,70
2589,341570,5273193,788,163
2590,354939,5276082,844,142
2591,357350,5276597,734,158
2592,367653,5277242,768,125
2593,371196,5279055,784,115
2594,371365,5279649,784,120
2595,371558,5279492,777,126
2596,377187,5282369,783,68
2597,387818,5288666,796,113
2598,388036,5288563,794,116
2599,391435,5292240,763,174
2600,351481,5272739,848,160
2601,374486,5283697,798,116
2602,374285,5283767,797,117
2603,374628,5284136,800,81
2604,376066,5286490,812,99
2605,416579,5292193,787,75
2606,416725,5292186,788,77
2607,416498,5291990,790,80
2608,415780,5278192,757,114
2609,415425,5278232,758,100
2610,414953,5277420,749,132
2611,415316,5276762,753,47
2612,410616,5273595,724,126
2613,404845,5273757,681,54
2614,404113,5273409,741,128
2615,402691,5273674,749,73
2616,402903,5273768,748,72
2617,403150,5273887,747,69
2618,403504,5273973,747,76
2619,396735,5277350,742,45
2620,396511,5276610,745,120
2621,396298,5276746,745,120
2622,395900,5281000,757,127
2623,395218,5281762,780,121
2624,395020,5281853,783,142
2625,394289,5282495,772,129
2626,393025,5282955,804,105
2627,392908,5283134,806,118
2628,387959,5282621,823,47
2629,387869,5282552,827,40
2630,388476,5286749,777,164
2631,392095,5288473,760,117
2632,392502,5292969,762,164
2633,392443,5288179,756,129
2634,390573,5287267,778,115
2635,385964,5284642,756,142
2636,383464,5287998,779,130
2637,365066,5250271,828,178
2638,363301,5256864,836,58
2639,351483,5264834,880,114
2640,348176,5270228,844,48
2641,336822,5274207,840,87
2642,337124,5274145,841,115
2643,339251,5276367,832,88
2644,339407,5276327,855,94
2645,340157,5276117,852,127
2646,341395,5277627,832,61
2647,341207,5277569,843,75
2648,341812,5276438,858,119
2649,341725,5276521,854,126
2650,341647,5276588,860,116
2651,341855,5276105,834,137
2652,341777,5276171,839,121
2653,327144,5275094,935,158
2654,326555,5269322,958,151
2655,326177,5260578,933,151
2656,327227,5261019,937,102
2657,327043,5261015,945,160
2658,328134,5259944,928,33
2659,328338,5259923,939,98
2660,328836,5266267,915,96
2661,327418,5267291,923,91
2662,325882,5267645,954,25
2663,325816,5268001,953,126
2664,345654,5267133,835,79
2665,346987,5265253,850,31
2666,346416,5265465,830,125
2667,346657,5266609,831,24
2668,346635,5266520,832,179
2669,344910,5264075,868,17
2670,371311,5247049,805,160
2671,371923,5245545,799,176
2672,376974,5247551,795,4
2673,376897,5247578,794,129
2674,376078,5246903,798,115
2675,375870,5247042,798,121
2676,374824,5247328,806,55
2677,374719,5247374,807,44
2678,373401,5246492,810,110
2679,351481,5272739,848,160
2680,402985,5251207,782,76
2681,399404,5251736,727,26
2682,397299,5257184,756,81
2683,397046,5257074,758,48
2684,396262,5260253,766,119
2685,395133,5261078,785,57
2686,396707,5262492,713,62
2687,389824,5263976,795,49
2688,387381,5265060,775,135
2689,377611,5264783,820,23
2690,377651,5264924,822,14
2691,376283,5265274,813,37
2692,376706,5268564,828,110
2693,376268,5269891,824,62
2694,382581,5271647,806,123
2695,382394,5271591,824,168
2696,382210,5271864,814,103
2697,385047,5273743,832,65
2698,393151,5278209,756,67
2699,378624,5277335,790,178
2700,380252,5278355,824,121
2701,381237,5278325,782,107
2702,385414,5278971,786,34
2703,386904,5282110,787,157
2704,386484,5284490,835,85
2705,335342,5259000,900,115
2706,333194,5259825,945,35
2707,329336,5262855,914,172
2708,334670,5264863,906,109
2709,337201,5266694,906,89
2710,343427,5265826,857,124
2711,349551,5265660,834,58
2712,353219,5263330,861,75
2713,356788,5263759,840,154
2714,361290,5262297,860,174
2715,366721,5263276,880,76
2716,366647,5263237,879,18
2717,367590,5262838,860,44
2718,347880,5266648,829,73
2719,361704,5268171,802,77
2720,361967,5268176,800,115
2721,362465,5268015,790,104
2722,415544,5281175,777,35
2723,414659,5283395,759,64
2724,414493,5283345,767,78
2725,418311,5284783,767,174
2726,414924,5284415,766,60
2727,413417,5283403,739,72
2728,413507,5283405,742,98
2729,413648,5283316,734,44
2730,412540,5283031,782,97
2731,411746,5281726,740,111
2732,411351,5281123,739,110
2733,408306,5280539,694,167
2734,407967,5280771,718,44
2735,408333,5280772,686,114
2736,407739,5280999,681,99
2737,408074,5281091,686,29
2738,408617,5282931,728,112
2739,417430,5285153,760,23
2740,420878,5281066,829,69
2741,421704,5282389,815,28
2742,423347,5282983,825,69
2743,423286,5282810,828,62
2744,423679,5282762,822,22
2745,425052,5282133,833,112
2746,425170,5282116,831,124
2747,425283,5282090,829,117
2748,425424,5281997,827,114
2749,425461,5282115,828,118
2750,375502,5274913,890,51
2751,375303,5274900,892,85
2752,373763,5273907,874,80
2753,371971,5272241,835,19
2754,370886,5270999,845,155
2755,370871,5271129,845,144
2756,371025,5270759,840,170
2757,370600,5270421,838,153
2758,369366,5269925,841,72
2759,335504,5245746,888,43
2760,333327,5245933,859,110
2761,334695,5251354,895,69
2762,334569,5251303,903,49
2763,335221,5251699,869,133
2764,335509,5252777,859,121
2765,334177,5254382,876,77
2766,334469,5254284,868,153
2767,333419,5255066,882,15
2768,334032,5258412,910,162
2769,333727,5260708,914,81
2770,332276,5261297,913,42
2771,332718,5262218,927,50
2772,334017,5262647,922,135
2773,340170,5261762,904,175
2774,392877,5270756,775,169
2775,341918,5260718,910,148
2776,341970,5260577,911,168
2777,348935,5259189,899,130
2778,349106,5259138,900,115
2779,349141,5259239,903,105
2780,349196,5259350,901,81
2781,351999,5259974,879,33
2782,357483,5255784,849,162
2783,358564,5253922,837,88
2784,336989,5278019,837,166
2785,339785,5277605,838,46
2786,340164,5277710,858,78
2787,340205,5277727,858,42
2788,341414,5277543,844,115
2789,342144,5277175,846,40
2790,344922,5272007,827,128
2791,344804,5270616,837,9
2792,344748,5270524,836,50
2793,342411,5269536,846,55
2794,341303,5270742,844,166
2795,341873,5271955,836,135
2796,342050,5272415,847,58
2797,358501,5270237,819,129
2798,364969,5269048,884,94
2799,369978,5260997,882,17
2800,370925,5259595,850,48
2801,370707,5259450,853,53
2802,370226,5259110,844,177
2803,370268,5259014,843,148
2804,370399,5258909,844,123
2805,374065,5258968,863,80
2806,397112,5269970,777,104
2807,397586,5269788,771,126
2808,397655,5269824,769,89
2809,397800,5269657,765,71
2810,398725,5276733,727,96
2811,398225,5279409,766,178
2812,345885,5253338,872,156
2813,347563,5252919,877,127
2814,395641,5279184,734,151
2815,354589,5250118,848,112
2816,351461,5255516,862,82
2817,351733,5255584,864,47
2818,351420,5255783,864,130
2819,352450,5258070,883,138
2820,348880,5258429,891,50
2821,347038,5261835,883,159
2822,347661,5262133,908,4
2823,347649,5262019,912,8
2824,344096,5263579,893,40
2825,343662,5263862,900,136
2826,419671,5296611,774,127
2827,417051,5295370,793,9
2828,422941,5300955,770,138
2829,422511,5295124,767,148
2830,420869,5288334,784,38
2831,419503,5284533,759,169
2832,417141,5283957,778,4
2833,413281,5291134,744,161
2834,404987,5284948,695,126
2835,397886,5274098,724,103
2836,397847,5274199,727,75
2837,397776,5274188,724,13
2838,374856,5275271,853,64
2839,423015,5300781,769,127
2840,323674,5274077,904,158
2841,361983,5256986,836,112
2842,362325,5256692,847,46
2843,362220,5256708,845,77
2844,362291,5256788,844,35
2845,361825,5256997,840,104
2846,361268,5257280,844,134
2847,361315,5257589,853,108
2848,361019,5257606,836,138
2849,361331,5257952,845,100
2850,361184,5258046,840,80
2851,361643,5258265,853,136
2852,360810,5258755,847,13
2853,360775,5258612,853,169
2854,360708,5258811,848,168
2855,360730,5258968,851,173
2856,356941,5256574,852,130
2857,356863,5256453,852,133
2858,356985,5256325,852,128
2859,357824,5255453,835,118
2860,359477,5256180,855,160
2861,359879,5256605,859,170
2862,360733,5255432,850,126
2863,360126,5257304,844,54
2864,365144,5266054,884,66
2865,365270,5266613,877,69
2866,356819,5262895,867,172
2867,357361,5262589,868,84
2868,357375,5262621,863,115
2869,357878,5262540,863,123
2870,359271,5262179,842,147
2871,359186,5262367,844,146
2872,369443,5243493,801,108
2873,377581,5242570,773,139
2874,396289,5244173,745,3
2875,399781,5244109,762,47
2876,404910,5242463,805,140
2877,407018,5244415,812,83
2878,406984,5245735,824,3
2879,400578,5250082,769,47
2880,400644,5250169,768,20
2881,401488,5257737,744,52
2882,402303,5258156,736,18
2883,402758,5258018,752,60
2884,403176,5260008,739,30
2885,403057,5259813,737,21
2886,403382,5260205,748,44
2887,404817,5264200,742,162
2888,400427,5266230,742,108
2889,399990,5266350,742,97
2890,399867,5266279,741,68
2891,400075,5264335,752,167
2892,404497,5255167,805,80
2893,404428,5255175,804,118
2894,404364,5255229,804,126
2895,404599,5255158,804,123
2896,404737,5255072,802,122
2897,404866,5255026,799,113
2898,404669,5254966,798,92
2899,404669,5255697,775,120
2900,404883,5255602,775,118
2901,404557,5255786,768,126
2902,404469,5255972,766,165
2903,404501,5255860,766,153
2904,402361,5257725,726,27
2905,405479,5255632,788,132
2906,402234,5256255,748,165
2907,396579,5272030,774,82
2908,391184,5274786,811,57
2909,391100,5274584,817,32
2910,389592,5275550,813,53
2911,389767,5275468,813,46
2912,387716,5274670,843,105
2913,387543,5274632,826,164
2914,342285,5257591,892,89
2915,348205,5268053,825,114
2916,341818,5257941,906,78
2917,341067,5258711,906,112
2918,342237,5259136,900,175
2919,342263,5259179,900,23
2920,343114,5260604,900,55
2921,339598,5254532,897,116
2922,339136,5254549,886,178
2923,417089,5276785,822,5
2924,417433,5276565,808,54
2925,419932,5279629,837,147
2926,412072,5260408,823,157
2927,416834,5263760,741,30
2928,418126,5261693,787,157
2929,417875,5261785,788,143
2930,418282,5261247,811,92
2931,420456,5259876,791,129
2932,374268,5256727,826,142
2933,334635,5262620,920,121
2934,334042,5262937,906,151
2935,334683,5266955,849,112
2936,335115,5267710,860,122
2937,335360,5269220,850,68
2938,336615,5269375,854,24
2939,338836,5270193,869,61
2940,339628,5270009,840,131
2941,344092,5271892,814,105